reviewId,userName,userImage,content,score,thumbsUpCount,reviewCreatedVersion,at,replyContent,repliedAt,appVersion
fe33be60-3fd3-4714-9aa0-f37e305040ec,maya begum,https://play-lh.googleusercontent.com/a/ACg8ocIY9Vo3NEsbSSaFVCBFQ1Lah8CLh8dzqTDMiihykmAzGHL89Q=mo,good,5,0,,2025-04-09 12:46:04,,,
cda7a703-52fe-4466-aebe-e5974972aecd,Ehasanul Haque,https://play-lh.googleusercontent.com/a-/ALV-UjVU2pVKADtVJpFQ1pBJC0EpMy5nqTw9He4BQ6eIsAT52V3GQpw8mQ,This app needs a total makeover. It's super slow and the UI is just disgusting,1,0,3.7,2025-04-07 22:54:05,,,3.7
3479a31a-1c10-4eb7-9544-623f345c42bf,Tanjilul Niloy,https://play-lh.googleusercontent.com/a-/ALV-UjVMnjj8SRh_L4ZTntJ0s3cT-dWjdPpf5zEa3C27iPdhK1ks1PhyYg,"too slow, need service improvement",3,1,3.7,2025-04-03 19:15:45,,,3.7
44aea7cb-3383-45f7-8f6d-9125f0ea8d84,IMRAN KHAN,https://play-lh.googleusercontent.com/a-/ALV-UjWmV8MQtQZL0HyuidNCdmyKpORqrqDy5lWUbMmSLqfRg_MW9ZzviQ,"Can't login by account, only showing credit card option,",5,0,,2025-03-14 06:04:05,,,
aa9f875f-0e39-4498-b6e5-618c1c0fda6f,MAHIM TABASSUM,https://play-lh.googleusercontent.com/a-/ALV-UjX58UfOXeuWQQ6k4ZtBN60NUzC_KnbefHdOFFwdJlqIKvfl1cE,Not satisfied,1,0,3.7,2025-03-09 20:17:58,,,3.7
581932cf-2102-4fcd-bbb6-6536cb53b9a5,Dr. Taifur Aziz Khan,https://play-lh.googleusercontent.com/a-/ALV-UjXaGTkhXKXyukeLk65R1gWDlTnMX8SOBNDlckOWWWc4wUQ82dYa,WORST ever banking app,1,0,3.7,2025-03-06 10:26:39,,,3.7
68f277de-9cb8-4dc2-a102-37398b55fb3c,Bipul Roy,https://play-lh.googleusercontent.com/a-/ALV-UjWVXqworLLowzoGxyaup2bJfPcTf-ERZfmmHdPBPTQ0UXxl8LBC,Need to add bangla qr payment through credit card.,5,1,3.7,2025-03-05 09:41:28,,,3.7
4fc6e057-7d5b-49ec-962e-c256009254f0,Rakib Hasan,https://play-lh.googleusercontent.com/a-/ALV-UjUMqcw4q0OxXMotj05L1OAesRCncgLLCQG6s1mROvydne2lFXA_Ug,Very bad experience. Need to do more update. Totally useless app.,1,1,3.7,2025-03-03 17:10:15,,,3.7
8a7d3d3c-57a3-44d6-8b5b-c39ff13b61e0,Minhazul Abedin,https://play-lh.googleusercontent.com/a-/ALV-UjWpvV03m5sgZvc07tat8F3e7xxBtl45SBQ-c0Ny5CQfy2SVe6c,‡¶´‡¶æ‡¶≤‡¶§‡ßÅ ‡¶è‡¶ï‡¶ü‡¶æ ‡¶è‡ßç‡¶Ø‡¶æ‡¶™‡¶∏,1,0,3.7,2025-03-02 07:55:02,,,3.7
fca08a77-80a4-4603-9cc7-ee114f246bf6,Snake Lord,https://play-lh.googleusercontent.com/a-/ALV-UjV2_3rkQHezqnJDMkDhWAL-eL5xVAdv3pAM-byD-HmNIuD6vvyz,"This app lacks important features like qr payment, card to other bank transfer. The user interface is very bad, looks like 10years old app.",1,9,3.7,2025-02-23 03:32:07,,,3.7
cd794e58-8bb2-422e-b951-6fe4417e4388,Nurtajul Haque Liton (Liton),https://play-lh.googleusercontent.com/a-/ALV-UjX5TvlqAIhjMr5vMbQ-1QPeQHBYRAGKJafhn4aNs0do1UBeuU6j,Very slowly working. It should be more faster. Please work about it. Thank you,1,1,3.7,2025-02-13 16:11:51,,,3.7
373c6a04-dc6e-43ba-8065-22b8a575c167,S M FARHAN LEON,https://play-lh.googleusercontent.com/a-/ALV-UjXJFmCeJmmmAzsA4cWoZPX89RTu9-oU6rP1cytTGQvd91EgO281,The app is no longer supported on my device!! Please fix the issue,1,1,3.5,2025-02-07 15:53:40,,,3.5
1bbd512f-35b3-4d8b-9e8f-925896379f8d,Al Azad,https://play-lh.googleusercontent.com/a-/ALV-UjVhVrCo6HuiSqdvhdGKzuvbLau7sviE5xDGINtMtxMPMqTyXWJC,‡¶è‡¶ï ‡¶ï‡¶•‡¶æ‡ßü ‡¶á‡¶â‡¶ú‡¶æ‡¶∞ ‡¶è‡¶ï‡ßç‡¶∏‡¶™‡ßá‡¶∞‡¶ø‡ßü‡ßá‡¶®‡ßç‡¶∏ ‡¶ñ‡ßÅ‡¶¨‡¶á ‡¶¨‡¶æ‡¶ú‡ßá ‡¶è‡¶á ‡¶Ö‡ßç‡¶Ø‡¶æ‡¶™‡ßá,1,0,3.7,2025-02-05 18:03:08,,,3.7
660d99f2-0000-4ff9-85de-db95ba882b12,Jubaer Ahmad Nabil,https://play-lh.googleusercontent.com/a-/ALV-UjW2S2wgfWOBQwE9TWwQHrV4yO8ywsekNIVdrxABcJmw2FDsEMxv,"Very slow, it takes unusual time to click and open every option. As it's a Banking app, so it should be a lot of speed optimization improved",1,2,3.7,2025-01-28 11:04:12,,,3.7
e45f91b8-b659-4fdf-8bae-48439ac047a1,Prabir Paul,https://play-lh.googleusercontent.com/a/ACg8ocJXMFGDXmbHphNBYNyAyk1gWtp0_9Hk05mafIZ-ahVb2ppypu2Y=mo,I have using in Bangladesh is working when I come out from Bangladesh doesn't want to work why is doing that I have open developer off still not working why,1,1,3.7,2025-01-26 17:32:41,,,3.7
d2a35bb2-c373-481b-8f6d-da7dce6c1345,MD. IBRAHIM HOSSAIN,https://play-lh.googleusercontent.com/a-/ALV-UjWdZRClud59tUsOH3Tk8ly6M2DNYvKVw-AWXXO3RzIVA0KHzw4V,Apnader Bank er App ato faltu... Jamon Slow tamon loading nei onek ar bug onek.. R app er UI onek Baje.. Ei somoiye Sob bank e UI & Design Onek Sundor.. Apnader Bank er Emon Keno..? Kindly App Update Kore Sob Thik Korun.. Nahole Account Close Korte Baddho Hobo..Thanks Advance.,1,0,,2025-01-22 16:15:06,,,
ea390341-8b6b-4abb-8135-1cd7945699c7,Md. Ali Azam,https://play-lh.googleusercontent.com/a-/ALV-UjU1yCLs1nw6DPIhBpaJUSSC-66sEAtHdzz_6Rzq2BVpFcbOgoE,Good apps,5,0,3.6,2025-01-22 13:21:48,,,3.6
8b6c8f10-085b-472c-b4ac-ed6b0469d600,Md Saju Mia,https://play-lh.googleusercontent.com/a-/ALV-UjV8EdOx8FwySgd7zo8SVDl1V0RISXpuwv87JXp1VjaEmO7lbM9h,Very nice,5,0,,2025-01-21 15:36:19,,,
f52c10f2-9fe6-4fd2-ae10-65e37211a9c2,Al Hasan Rony,https://play-lh.googleusercontent.com/a-/ALV-UjU6jDLYqz-fwBiUwGCoKRt4Caw7yrsq7J9QC9H_nd_Q8qu4TxE,"‡¶Ü‡¶ú‡¶ï‡ßá ‡¶è‡¶™‡¶∏ ‡¶ü‡¶æ ‡¶Ü‡¶™‡¶°‡ßá‡¶ü ‡¶ï‡¶∞‡¶≤‡¶æ‡¶Æ ‡¶§‡¶æ‡¶∞‡¶ø‡¶ñ ‡ßß‡ßØ.‡ß¶‡ßß.‡ß®‡ß¶‡ß®‡ß´, ‡¶¨‡¶æ‡¶ü ‡¶è‡¶™‡¶∏ ‡¶è‡¶∞ ‡¶∏‡ßá ‡¶∞‡¶ï‡¶Æ ‡¶ï‡ßã‡¶® ‡¶ï‡¶ø‡¶õ‡ßÅ‡¶á ‡¶Ü‡¶™‡¶°‡ßá‡¶ü ‡¶π‡ßü ‡¶®‡¶æ‡¶á‡•§ ‡¶è‡¶™‡¶∏ ‡¶ü‡¶æ ‡¶è‡¶ñ‡¶®‡ßã ‡¶∏‡ßç‡¶≤‡ßã‡•§ ‡¶¶‡ßç‡¶∞‡ßÅ‡¶§ ‡¶Ü‡¶™‡¶°‡ßá‡¶ü ‡¶ï‡¶∞‡¶æ ‡¶â‡¶ö‡¶ø‡¶§",1,0,,2025-01-19 17:53:13,,,
238d81c8-9dc8-4430-b9fb-b5337d6e559a,Abu Hena Mostafa Kamal (MUNNA),https://play-lh.googleusercontent.com/a-/ALV-UjXFc1Kajxs_7_Gi2COl8V4Wn1BPQU_YNVM8LChb0P7Ly5NU7U4l_A,"‡¶Ü‡¶Æ‡¶ø 2 ‡¶¨‡¶õ‡¶∞‡ßá‡¶∞ ‡¶¨‡ßá‡¶∂‡¶ø ‡¶∏‡¶Æ‡ßü ‡¶ß‡¶∞‡ßá ‡¶è‡¶á ‡¶è‡¶™‡ßç‡¶∏‡¶ü‡¶ø ‡¶è‡¶ï‡¶á ‡¶è‡¶®‡ßç‡¶°‡ßç‡¶∞‡ßü‡ßá‡¶° ‡¶´‡ßã‡¶®‡ßá ‡¶¨‡ßç‡¶Ø‡¶¨‡¶π‡¶æ‡¶∞ ‡¶ï‡¶∞‡ßá ‡¶Ü‡¶∏‡¶õ‡¶ø‡¶≤‡¶æ‡¶Æ‡•§ ‡¶ó‡¶§ ‡¶∏‡¶™‡ßç‡¶§‡¶æ‡¶π‡ßá‡¶∞ ‡¶≤‡¶æ‡¶∑‡ßç‡¶ü ‡¶Ü‡¶™‡¶°‡ßá‡¶ü‡ßá‡¶∞ ‡¶™‡¶∞ ‡¶•‡ßá‡¶ï‡ßá ‡¶Ü‡¶∞ ‡¶≤‡¶ó‡¶á‡¶® ‡¶ï‡¶∞‡¶§‡ßá ‡¶™‡¶æ‡¶∞‡¶õ‡¶ø‡¶®‡¶æ, ‡¶¶‡ßá‡¶ñ‡¶æ‡¶ö‡ßç‡¶õ‡ßá-This app is not compatible with your device anymore. ‡¶è‡¶á ‡¶á‡¶∏‡ßç‡¶Ø‡ßÅ ‡¶®‡¶ø‡ßü‡ßá ‡¶¨‡ßç‡¶Ø‡¶æ‡¶Ç‡¶ï ‡¶è‡¶¨‡¶Ç ‡¶∏‡¶∞‡¶æ‡¶∏‡¶∞‡¶ø ‡¶è‡¶™‡ßç‡¶∏ ‡¶°‡ßá‡¶≠‡¶≤‡¶™‡¶æ‡¶∞‡¶¶‡ßá‡¶∞ ‡¶á‡¶Æ‡ßá‡¶á‡¶≤‡ßá ‡¶Æ‡ßá‡¶á‡¶≤ ‡¶ï‡¶∞‡ßá‡¶ì ‡¶ï‡ßã‡¶® ‡¶∏‡¶Æ‡¶æ‡¶ß‡¶æ‡¶® ‡¶™‡¶æ‡¶á‡¶®‡¶ø, ‡¶è‡¶ï ‡¶∏‡¶™‡ßç‡¶§‡¶æ‡¶π ‡¶π‡ßü‡ßá ‡¶ó‡ßá‡¶≤‡ßá‡¶ì ‡¶§‡¶æ‡¶∞‡¶æ ‡¶Æ‡ßá‡¶á‡¶≤‡ßá‡¶∞ ‡¶ï‡ßã‡¶® ‡¶â‡¶§‡ßç‡¶§‡¶∞ ‡¶¶‡ßá‡ßü‡¶®‡¶ø ‡¶ï‡¶ø‡¶Ç‡¶¨‡¶æ ‡¶è‡¶á ‡¶∏‡¶Æ‡¶∏‡ßç‡¶Ø‡¶æ‡¶∞ ‡¶∏‡¶Æ‡¶æ‡¶ß‡¶æ‡¶® ‡¶ï‡¶∞‡ßá‡¶®‡¶ø‡•§",1,0,3.5,2025-01-18 16:29:06,,,3.5
d53739a6-f040-4618-b0a8-b476c84f37e9,MD SHAHIDUZZMAN MIAH,https://play-lh.googleusercontent.com/a/ACg8ocKpEyAvTnMl-oewyM7QSTHxPX-PkmXlKcrP0ffgwtWjAgfmgQ=mo,"Last updated on 14 January, 2025. But didn‚Äôt find any changes in apps. It‚Äôs so slow motion app. Need to improve necessary update, otherwise it‚Äôs difficult to use now a days than others bank apps",3,3,3.6,2025-01-17 05:57:32,,,3.6
c0db7dba-7c6c-415d-a865-01ce17a69153,Shishir Saha,https://play-lh.googleusercontent.com/a-/ALV-UjX3uCZRhmFSn8QBpcdAHg8G17BjQCMXXUdAmno-4J6G9qGUWJw,Good,5,0,,2025-01-16 02:49:34,,,
9004bb37-1f11-409f-94d5-752a55a59f50,Md. Abu Syed,https://play-lh.googleusercontent.com/a-/ALV-UjX0_z5rC6q6zbPHojYWffxWkSzrWyHj-KyKJwvGId9jw3ShTDpjng,Too much slow.,1,2,3.6,2025-01-16 01:31:27,,,3.6
be13341e-9099-4622-8c7d-a8ce29e7118f,Abid Mohammad Golam Hamid,https://play-lh.googleusercontent.com/a-/ALV-UjVTPy5ZpXf2jRdJWGQLGSITbvRaxERQW1spO-4e7F8nN-ot0xZx,Network connections are one of the poorest,1,0,3.5,2024-12-30 06:27:22,,,3.5
9df001e9-b3c2-45fd-8275-fffa32b4b3a5,Anamul Babu,https://play-lh.googleusercontent.com/a/ACg8ocKI9ZQCAxbAYvASOnUECWRQ9jTx3lwqhxqYEoy6wy-qmwRUNQ=mo,Better with the best way of being there and I have been trying to be honest and wise for achived that was to be fair enough.,5,0,3.5,2024-12-28 05:30:49,,,3.5
819ee962-648d-42d0-bbf2-40635bda5851,Marjanul Haque,https://play-lh.googleusercontent.com/a-/ALV-UjUrcUnRJALKqOtHhiQNRiq6XFZbc6KM9pJW7qf2RZtoHJtTCjgU,"Update your UI, and make it load faster. It takes forever to follow any commands.",2,2,3.5,2024-12-26 10:33:19,,,3.5
180c0d85-668a-4035-888d-db6b90fbaf54,Nabil Mashrur (fahim),https://play-lh.googleusercontent.com/a-/ALV-UjVUfJxQddRHIEvbF8Fp88CVOxtCuw-wiCrNHrTGlSk8NiRN_pSK2g,Great app. DPS open korte bank a jete hoi na. It saves our time.,5,11,3.5,2024-12-15 16:37:22,,,3.5
19cbbfeb-f784-4ae2-b3e4-fe8cf6d6c2fc,MD SOHEL,https://play-lh.googleusercontent.com/a-/ALV-UjWw1BT8M0zAm1qRl1tfMd5XSE62Uwt0e2UJTIEp4kBKWJ1hrVz_,All,5,0,3.5,2024-12-10 10:07:54,,,3.5
fa4bdb53-d3d6-411c-bf6c-399dec3fdc6b,Rubayet Hossen,https://play-lh.googleusercontent.com/a/ACg8ocK6H7WqRJgjyA0xlg01EK9Dmibc7emLIBwdnpAM6xByvUsm6PQB=mo,Using THIS app is just annoying. Too much slow.,1,0,3.5,2024-12-03 12:17:49,,,3.5
06369eca-053d-41c6-8ec4-8aa650f74dae,Dr-Shakhawat Hossen,https://play-lh.googleusercontent.com/a/ACg8ocIkMAv330Ma3sN_YJ59gLZ_u-8RSlUiEPsAqKuZkeH8N3guwQ=mo,"Very slow app,feels disgusting & irritating.... Can u please improve your apps, otherwise i have to use other banks credit card",1,4,3.5,2024-11-25 05:23:42,,,3.5
c82e089b-802d-40d4-897d-3626ee380a84,Ajay Kumar Biswas,https://play-lh.googleusercontent.com/a-/ALV-UjWBK0yw5vxlgbcdpfePbp5c6_iOhX73dHCUtvgjZlS4JlCpn3Fn,Please update the app with new UI.,1,0,3.5,2024-11-09 14:49:34,,,3.5
4585d927-85b1-40c5-a935-c50a787b0275,Mainul Islam,https://play-lh.googleusercontent.com/a/ACg8ocI1drUiDlRShmguUBMyBzslit31JbD0TuzEs7XhR8hWJu7ayz2I=mo,User friendly interface. Loved it.,5,0,,2024-11-05 18:35:25,,,
1e3da1c9-f18b-459e-9f22-740aa1a586b3,Tasbiul Hossain,https://play-lh.googleusercontent.com/a-/ALV-UjVTlClw9tcs0B02i-ll-7KBpLeBS8AKFTwfKtBhpQQ6ZIVPaUH-,Below average,1,0,3.5,2024-11-02 20:21:46,,,3.5
9b2d5baa-6330-4eb3-89dc-6d080b06bfd0,Md Delowar Hossain,https://play-lh.googleusercontent.com/a-/ALV-UjWA7hEDHJEkj1lEUpGg2MfloEGXrGilt16S0osF5FizbvlbcJDx,DPS APP diye close kora jayna,1,0,3.5,2024-11-01 11:13:40,,,3.5
454e022e-e7f3-49c0-8d06-af380aa191ef,Md Nurullah,https://play-lh.googleusercontent.com/a-/ALV-UjWR1ykpHmeETuNvWBMKiZzjbnTeenRS2ZUJl3fuEsTqy3R2HJer,Slow enough! Considerable improvement is required.,3,0,3.5,2024-10-12 18:25:40,,,3.5
f84b83e2-cc8a-4459-bd13-58747974fee6,Masud Parvej,https://play-lh.googleusercontent.com/a/ACg8ocL98HgBLs7-Goi1M_docmObxQrOSV22RSI1_lZIyI8x7CnsUA=mo,Need to develop by adding all kind features...like credit card offers,3,0,3.5,2024-09-28 07:32:04,,,3.5
63eaf696-f5c2-4a13-936c-6064538d28cf,KHURSHID ALAM,https://play-lh.googleusercontent.com/a-/ALV-UjVEzZRNyMOW_dlLMC78X47q6eIYDzLhNlLG2nyhKv4bdl_pOj4R,"‡¶Ü‡¶™‡¶®‡¶æ‡¶¶‡ßá‡¶∞ ‡¶Ö‡ßç‡¶Ø‡¶æ‡¶™‡¶ü‡¶ø ‡¶Ö‡¶®‡ßá‡¶ï ‡¶∏‡ßç‡¶≤‡ßã,, ‡¶ì‡¶Ø‡¶º‡¶æ‡¶á‡¶´‡¶æ‡¶á ‡¶Æ‡ßã‡¶¨‡¶æ‡¶á‡¶≤ ‡¶°‡¶æ‡¶ü‡¶æ ‡¶∏‡ßç‡¶≤‡ßã ‡¶ï‡¶æ‡¶ú ‡¶ï‡¶∞‡¶§‡ßá‡¶õ‡ßá,,‡¶ì‡¶™‡ßá‡¶® ‡¶π‡¶§‡ßá ‡¶∏‡¶Æ‡ßü ‡¶®‡¶ø‡¶§‡ßá‡¶õ‡ßá,,,‡¶¶‡ßü‡¶æ ‡¶ï‡¶∞‡ßá ‡¶∏‡¶Æ‡¶æ‡¶ß‡¶æ‡¶® ‡¶ï‡¶∞‡ßá‡¶®",2,0,3.5,2024-09-26 14:18:30,,,3.5
06ca936e-fb9d-497d-8d06-a7cd076fdbf9,Tanveer Mehdi Rafi,https://play-lh.googleusercontent.com/a-/ALV-UjX_-Fw32wS3Q2-6QLnVEcpI-rNlGOFk53xEM5q9WQ7-a5fQu-3w,Horribe,1,0,3.5,2024-09-16 19:33:48,,,3.5
9a1128dc-79d3-4593-8f8e-78931b58aece,Dipu Chakraborty Parto,https://play-lh.googleusercontent.com/a-/ALV-UjWW5YoIS-X4WgM6tuGgwN4PO0moBpfVG-5O8xNgOPBJ9FokXmPL,Slow,2,0,3.5,2024-09-16 13:24:55,,,3.5
2140b826-a5be-4dfe-8427-95f88eb06533,Mohammad Shahid,https://play-lh.googleusercontent.com/a-/ALV-UjWyBzkU2mzoituLe59I4LpPuUKSc4lRkpJzX8FAwSGwNJ_G-Ptv,Worst Banking App! Is there any app worst than this????,1,0,3.5,2024-09-09 17:24:56,,,3.5
22fea96e-b198-4ba1-9a36-c9dab3b069e3,rashi shimu,https://play-lh.googleusercontent.com/a-/ALV-UjU1XlzO7GwO8qjzVtDc1lzLDsXgeHgAQB-_DopS0vihCyvAu_mv,Good,5,0,3.5,2024-08-25 12:23:26,,,3.5
5cf19a34-97ac-4edb-b698-8c19852a2963,sa hajada,https://play-lh.googleusercontent.com/a-/ALV-UjXeTRyv8UIfru5IhVN_VCRgZjdMkAVyAFPyIbgi5eR0Jf_PXhq6,Good,5,0,3.5,2024-08-03 21:18:31,,,3.5
66d432f6-33b5-4f5d-909e-dc34c86858b9,Arif Ahmed,https://play-lh.googleusercontent.com/a-/ALV-UjWnw8pEuvNNe_k82BpSBmOKiy0HIweHmr4vMIi1lVCUxmt2sNB9,Nice i banking online customer service ü•∞‚úÖ,5,0,3.5,2024-07-26 05:22:30,,,3.5
890a6a27-4f7a-47dc-b5cf-aff0f4f9b106,Ishtiak mokut,https://play-lh.googleusercontent.com/a-/ALV-UjXVIY8Jz4YP-A5kQ8lSczaYdIoYplbqV0YAQXwkv3CLOmEqd-k,Horrible user experience. Stupidest banking app I used so far.,1,0,3.5,2024-05-27 17:56:17,,,3.5
14f5f358-a48e-4115-9aab-9f5d40912189,mrinmay baidya,https://play-lh.googleusercontent.com/a-/ALV-UjVo0FtQSa1Tm2ddaUFbKGXeTZz4zw20nSfN75MaNoIgCYqOjAR3,I am very interested,3,0,3.5,2024-05-05 17:05:17,,,3.5
7bc61a71-ae58-418f-8962-3ee6eb0481b6,ami zakir,https://play-lh.googleusercontent.com/a-/ALV-UjXvMoiXYddZi32wQSJ1NaabiULhuThlFFWkCaqubRUe1ipCrV-7,Faltu apps,1,0,3.5,2024-04-02 08:10:43,,,3.5
3cbf0329-a9cd-4e69-96e8-3163ae43adf2,Dr. Md. Faisal Ahmed,https://play-lh.googleusercontent.com/a-/ALV-UjXDGezn2XbKyLU9Df3CSp-7jvwB_ECGAGn7A3FVwb9CSkHhZbmZ,Zero improvement till lately. Slowest app yet with no option to see Credited amount in credit card statement history. Disappointing.,1,11,3.5,2024-03-24 10:36:02,,,3.5
bf32910a-8aec-4eef-9cea-3b57b8df2526,Hridoy Khan,https://play-lh.googleusercontent.com/a/ACg8ocIyOLpcCy8qpM4dMLjDesYNvQcmkw17mLUj3WpKM5NKNxKtgg=mo,Ekta bank er apps er quality eto joghonno hoy kemne? Emon slow app operate korai mushkil,1,2,,2024-02-28 16:14:46,,,
ad6f4f6d-66be-4453-a3d7-5103f9a67bae,Hasib rangpur,https://play-lh.googleusercontent.com/a-/ALV-UjWjKeQNTq35tfSIItAmILabiLixx3wOibVjsm-h7BWu1J6y0Lc,Nice,5,0,3.5,2024-02-21 06:54:06,,,3.5
3635833a-9be3-42f4-af58-32baf3462050,Asif Reja Titu,https://play-lh.googleusercontent.com/a-/ALV-UjVnumC67b2N6XGQ7nRdxH_58Fd0jj4s3PFRJFIHTry_gBzbmv94AA,This is one of the wrost banking apps of Bangladesh. Need to improve a lot of. You ui/ux design need to change. Very urgently you have to make is fast & smooth.,1,5,3.5,2024-02-15 17:24:20,,,3.5
aca9ab13-2dbc-4020-ac40-a00f22495874,Shawon Baroi,https://play-lh.googleusercontent.com/a-/ALV-UjWaHV6rYUU2uOqECYCpd1zCXYf2pwG3M0YhkLPNbOelnDjFFF8G8A,Full of lagging issue. Lots of improvement need to be done by developer.,1,2,3.5,2024-02-06 16:01:13,,,3.5
9e62a610-1c3f-4dba-9d6f-d0b0d9254cac,Prithvi Raj,https://play-lh.googleusercontent.com/a-/ALV-UjWa6Zma_nFSXm8Maga3LdqIvwg6sjZXMVF__Psq_Z8UKaLga_E,The app just keep crashing when clicking on card section.,2,0,3.5,2024-02-03 20:59:11,,,3.5
919cdc8c-5659-4b0d-9ede-7db36afb085e,MD BABUL HOSSAEN,https://play-lh.googleusercontent.com/a/ACg8ocJC6s0sPKrj5ouHEiLr4xvRMnSOlChNI7Mosil1WdcnV-Knsg=mo,very satisfay,5,0,3.5,2024-01-04 06:52:54,,,3.5
04414e59-2744-47af-984e-7964662f4e9e,Arup Sarker Babu,https://play-lh.googleusercontent.com/a-/ALV-UjWDSU4ouf83apUPouk3mUwA2vcNTOD9PdqNuuW3eDmWEajx_HgM,Very bad app,1,0,3.5,2024-01-03 07:16:52,,,3.5
4f99e1ec-b230-4d91-9310-f5edd9a78439,johirul islam,https://play-lh.googleusercontent.com/a-/ALV-UjUDI_lzVBALTudTE-oylt_U2U8LvU5UMm7286QCJ0RJV6Rkxv-UKQ,Good,5,0,3.5,2023-11-22 16:42:26,,,3.5
f0c184e3-4f97-49c1-937d-7bce1288e75e,Chandan Biswas,https://play-lh.googleusercontent.com/a-/ALV-UjWuCfGpVcHkISumHmBXAsGr7Heoo_tMMwW_ZnRpdJ3LMk5iiyeF,Very poor app. Show invalid otp several times.,1,3,3.5,2023-11-20 06:40:13,,,3.5
eaad0cce-2d65-492e-8fd8-c135d1aa0300,J H M Noor A Alam Goldmedallist,https://play-lh.googleusercontent.com/a-/ALV-UjWxjGjehcu4veucXrAzEeyw3B37Y5nMm-fPBXIIYSsALy6bkdWA,"i cant download,say this device cant support,my mobile MI fold2 please solve i am top lavel blue dimond customer",1,0,,2023-11-11 02:59:51,,,
91f0395c-b7ca-4549-b4de-0dc4e7f7696b,Mizanur Rahman,https://play-lh.googleusercontent.com/a-/ALV-UjX_7v4L7pKoJL8SASZq_wa2YFBCygGn301rKmDPed2Imq6FnPqe,Nice app,5,0,3.5,2023-11-09 13:02:10,,,3.5
4fa7a0cb-2ffa-4c16-88f9-25b8aefac08b,nazmush shahadat,https://play-lh.googleusercontent.com/a-/ALV-UjX05lbkt8ndizdhB1oVnv4yR35L9EFq3CLw5TSdsE669aF5elsy,Very bad apps,1,0,3.3,2023-11-01 05:49:42,,,3.3
cd67abce-3d78-4ef3-81e1-b6456315a88b,Dipta Saha,https://play-lh.googleusercontent.com/a/ACg8ocIIxO3Cy4k5iweGEv9pWZFDqMz3eqP9h3jGb6uUusxxxS58NQ=mo,I have gather a amazing internet banking experience,5,1,3.5,2023-10-30 09:38:14,,,3.5
20f83dac-7253-4f0a-9e9b-6d52b42588a1,Md. Tariqul Islam,https://play-lh.googleusercontent.com/a/ACg8ocLnjuCZ4kDLGziqoU84YZoQ6jfDbkhq2Qcu1PizCky_5GP48hI=mo,Bad UI,1,1,3.3,2023-10-26 17:40:34,,,3.3
5da08b77-a792-4e99-b434-ddfb692448c7,Abdullah Al Mamun,https://play-lh.googleusercontent.com/a-/ALV-UjX1qZ7MnfI_VAeME_RJ2snB6aZeWw4_gSOtIVvNjE_O75d0g7czoQ,Transfer from account or payment from account er khetre credit card select kora jay na. Sudhu basic account show kore. Amar mone hoy bishoy ta k improve kora dorkar.,4,2,3.3,2023-10-23 02:04:11,,,3.3
2f2c87fe-c240-47e6-b4be-4a21def311c3,Al Amin Islam,https://play-lh.googleusercontent.com/a-/ALV-UjX9R-y96poLxVIHiW2fMZd56nQ1e3ESkgdh8mrgGu6Ks-1KmVS5mQ,Very Bad app service ever i got from a bank account apps. Im a credit card user but this Didn't support me as well as others app did. Please update your app & useful for everyone.,1,11,3.3,2023-10-22 09:11:51,,,3.3
ce6e0e3e-d410-4666-a369-b7bd39d51f4c,LUTFAR,https://play-lh.googleusercontent.com/a-/ALV-UjUTaL64dEHf1gP3F3-uftsmGPmf2lEcANk-4rd_RbFIDYaNzc1Y,Dr u r c ‡¶®‡¶ø‡¶ö ‡¶∞‡ßÅ‡¶¶‡ßç‡¶ß ‡¶¶‡¶ø‡¶® ‡¶§‡ßã ‡¶è ‡¶è‡¶ù‡¶ó‡¶¶‡¶ù‡ßÇ‡¶è‡¶Æ,4,0,3.3,2023-10-22 04:06:05,,,3.3
dc47b80d-240b-4ad0-b0ce-362274490179,Ovi,https://play-lh.googleusercontent.com/a-/ALV-UjWtKOEV2XNLgyUK_6Khe8gvvOeyqO7pxEYsPVbVHfk03otP7ko,Excellent,5,0,3.0,2023-10-11 15:23:43,,,3.0
061eb4c5-8372-46e6-9d2d-9fffbc63f4f0,Al Rasel Ahmed,https://play-lh.googleusercontent.com/a-/ALV-UjU5sVPy-PB_ad37zpuz6ci_4OfldKqpq1wk78H49yZ_vV6Yusqb,Sundhor,5,0,3.3,2023-10-11 10:14:39,,,3.3
e96342b2-ca1b-4a67-86cd-a27ec6f16a03,Md. Asraful Alom,https://play-lh.googleusercontent.com/a-/ALV-UjXHkRHVIo2WdDqwGuF-RKtxBk0ioyZh6ivC42g_ht-1RuBR6RWh,Excellent app!,5,0,3.0,2023-10-10 14:41:58,,,3.0
064aa104-bb03-4826-a640-dd46756fe228,Akash Paul Joy,https://play-lh.googleusercontent.com/a-/ALV-UjUHoxt5Y-YZnjpIyMNBbeXDo3z0KO113pxVfb4e_fD3TOM7r7mw,"Faltu Service, apps not working Properly",1,0,3.0,2023-10-08 16:00:17,,,3.0
82d6fd25-5db8-4993-ace7-742da6a88355,Md. Saju Ahmed,https://play-lh.googleusercontent.com/a-/ALV-UjUbDQNcyONfpgkq9dwq0SShF54spV7G_IqJjAHSu6LvrBDDma79,"Poor apps in Bangladesh, apps er vitor er system ta akdom faltu+ debit card sara kisu use kora jay na",1,0,3.0,2023-09-19 11:06:07,,,3.0
3e7b512c-0f01-4607-acb6-793c4f1ae75b,Masud Alam,https://play-lh.googleusercontent.com/a-/ALV-UjWkfY00oL0hGTfJcEDAN1PFqqxVNERA2fYJ3W54ko5UNE1Wuygvmw,Very bad service. I was trying to log in since 6 months . But I can't log in. Please fix it. Apps development person No one read our coment. They are only sleeping.,1,21,3.0,2023-08-06 20:36:32,,,3.0
e9476115-a656-4093-a2b9-a631adf0f6ef,JUST MURADBD,https://play-lh.googleusercontent.com/a-/ALV-UjVDcIZoXS6euh-n_r7DqOgJh9GooXFNX0auezvXLsDdK3MGuxsG,Nice,5,0,3.0,2023-06-13 06:20:18,,,3.0
d235c3de-a1f1-4c94-a105-f9237ac944f1,Md Fahimul Islam Fahim,https://play-lh.googleusercontent.com/a-/ALV-UjWSzcqrslyefIiaF0G1rX7satFjTX6Hx9vTOJgDA0CQK7T0SiFe,"Bengal Commercial Bank, Rangpur Branch Add nai Apps e. add koren please",1,0,3.0,2023-05-25 09:00:58,,,3.0
722e2f17-f833-4ff3-94c4-5e946e465168,AHASAN ULLAH SOHEL,https://play-lh.googleusercontent.com/a-/ALV-UjXJ9cDty7FQ0tEdUYftXtL6yNJ6n2c5qCcKa2NdO7JDnqHZEtE,Nice app,5,0,2.8,2023-04-04 11:14:19,,,2.8
94abfb4f-7148-4c9e-ae82-3afe297a63db,mir farhan Uddin,https://play-lh.googleusercontent.com/a/ACg8ocI4IoX49sG3sInY-DTvXaHXQ92y4smJyarRxwVbnGlC-W4LUw=mo,poor,1,0,2.9,2023-03-25 11:02:19,,,2.9
78e6654e-403e-4162-94ff-250b7f7fe0c9,Sayed Khairul Basar,https://play-lh.googleusercontent.com/a-/ALV-UjVC98wKb53_ZefjojZV0kUnx9S2obtpe1YJexYsp34O9suktSzw,‡¶¨‡ßá‡¶∂ ‡¶ï‡¶ø‡¶õ‡ßÅ ‡¶¶‡¶ø‡¶® ‡¶Ø‡¶æ‡¶¨‡¶§ ‡¶Ö‡ßç‡¶Ø‡¶æ‡¶™‡¶ü‡¶ø ‡¶Æ‡¶® ‡¶ö‡¶æ‡¶á‡¶≤‡ßá ‡¶≤‡¶ó‡¶ø‡¶® ‡¶π‡¶ö‡ßç‡¶õ‡ßá ‡¶®‡¶æ ‡¶π‡¶≤‡ßá ‡¶®‡¶æ‡¶á.. ‚ò£Ô∏è‚ò¢Ô∏èüö≥‚ö†Ô∏è‚ö†Ô∏è ‡¶ï‡¶∞‡ßç‡¶§‡ßÉ‡¶™‡¶ï‡ßç‡¶∑‡ßá‡¶∞ ‡¶¶‡ßÉ‡¶∑‡ßç‡¶ü‡¶ø ‡¶Ü‡¶ï‡¶∞‡ßç‡¶∑‡¶£ ‡¶ï‡¶∞‡¶õ‡¶ø..,3,0,3.0,2023-03-23 20:09:12,,,3.0
3e47c031-12b2-49e2-b37d-7683888ca1cd,M. Siddiq Ahmed,https://play-lh.googleusercontent.com/a-/ALV-UjWaz_1IM7mt0C8rYhOCwioYHIL3LDmS7PLH2fY0V_zBmBVFXYol,"I am truly impressed to see the amazing feature in this app. To be honest, Its the best app in Bangladesh. Charge Free transaction. NPSB EFT RTGS Bill payment Everything is free No inward charge no outward charge. Don't make delay for join.",5,13,3.0,2023-03-22 14:18:58,,,3.0
e1d08882-0d85-4853-9588-7654ed2e856b,Mostafizur Rahman,https://play-lh.googleusercontent.com/a-/ALV-UjV5X8tA62aWY7Hr01cNQIOgVHCYUtEw3ay3frNlBtjwtmWIuk6d,Nice,5,0,2.9,2023-03-21 07:07:33,,,2.9
c37d0de2-28c5-4cea-b715-a080e2f555cc,Md. Kamruzzaman Shomen,https://play-lh.googleusercontent.com/a-/ALV-UjVeu0RWPxeRkmzbcS_HViknfKkOWOXr5bTFng-xtf2yuqrs8PXK5A,Good,5,0,2.9,2023-03-13 17:03:52,,,2.9
20043a80-a37d-425f-bcc9-a218ef7471b3,Mohammed Hizbul Islam,https://play-lh.googleusercontent.com/a-/ALV-UjX17X9s5CFQo2DuzpdFOLtIzOoPnC7uJ8marV7NxTZdpAbF_TJz,Worse banking app used so far... duznt work at all for the last 10 days. MBL dint even inform me if there is any maintenance going on.,1,13,2.9,2023-03-08 06:13:09,,,2.9
9cb83256-4288-4e8a-8ed5-3c926218c1cb,Hossain Mohammad Jabir,https://play-lh.googleusercontent.com/a/ACg8ocJ7CCo1vEqYqnkCNvh-P37wsUlo5uKVeoCusn3V4txnOAv3ZA=mo,Bank Statement download option should be made easier. Different Banking certificate can be made available.,5,3,2.9,2023-01-26 04:16:43,,,2.9
104198ed-fbf4-4374-b5f0-9aae50ba6c4f,Abul Khair,https://play-lh.googleusercontent.com/a-/ALV-UjUh1zfWQaMHYF3C1YMO5oCyG7gBmLCGHiQA7AWfyfwDULUSmUi2,What's wrong with this app like 15 days I'm trying to open app but it's not opening showing something wrong try again later?????????????,3,3,2.9,2023-01-23 11:16:20,,,2.9
eff1c2c6-1516-46f2-a5f5-1c496085496d,Md Amanat Ullah Sobuj,https://play-lh.googleusercontent.com/a-/ALV-UjXA_2joDP2ym8VlJuGAcuYvXgNtQjwUhyhBINoHiapxIp4tF9RuFA,Good apps. User friendly. Quick response,5,1,2.8,2023-01-16 03:51:27,,,2.8
970656c5-b7ff-4bf4-8a77-5d3a36991cf3,Faizur Rahman,https://play-lh.googleusercontent.com/a-/ALV-UjURJE3GVsWTPppJ7-wvvgGcOU40mEEzZO7bdhiY89Q6hxEd3bs,"Sobchite baje dik 1) card na thakle account add kora jay na, 2) account na kore FDR kora jay na.",1,0,,2023-01-08 16:19:14,,,
a09f1277-1b5e-4824-9d6b-3214bbee83a0,Mostafiz Rahman,https://play-lh.googleusercontent.com/a-/ALV-UjXJo9PU0MBP_SUiAO4IKQIRTXHXuydZmc2xN_5Ut2FX9tMg5fal,"For credit card users, it is very necessary add to show minimum payment due and also show minimum payment due date.",2,6,2.8,2022-12-11 17:32:51,,,2.8
410e0106-ac88-473a-8879-9b331c7f902f,Manirul Islam,https://play-lh.googleusercontent.com/a-/ALV-UjWULdnJugIoMWB2BzS8H4ZMpN3R258U_l6gGju8kbOtMpyfCOu0,Good,5,0,2.8,2022-12-05 06:07:19,,,2.8
3e807249-aadf-410b-b85b-82ebbb9e1b8b,khokan dey,https://play-lh.googleusercontent.com/a-/ALV-UjVTWyJoEbMwQcQct2SNh9XJNAw61ZM_Yd9f-krMmjhzm7ZuPs2z,Without cardholder this app is not accessable.,2,0,2.8,2022-11-23 12:36:11,,,2.8
83eccf33-7c02-46af-b3be-0dc9524953e9,Dhaka To Paris,https://play-lh.googleusercontent.com/a-/ALV-UjUqmuxtcFGyxHzUY8J6QjZsjGcQdebtBcjRM2juVhT6gEQ1SLPM,Very Good Bank,5,0,2.8,2022-10-17 09:58:56,,,2.8
0015a7f8-16c9-473d-8b01-9524ca61d00a,Alim Mozumdar,https://play-lh.googleusercontent.com/a-/ALV-UjUzOlsmk5gqf_e8c6t3nvmvVyi1piHQhg3PkJKKKPJXFLMLoZSN,Alim Mojumder,5,0,2.8,2022-10-07 17:46:12,,,2.8
e72c3e8a-d21a-45a3-a523-c48502d06a79,Asanur Rahman,https://play-lh.googleusercontent.com/a-/ALV-UjXIjzd91sAuwzoZui4PFCQZjWW4VYPZjnOs4kR5ipD7TtyfkKwC,‡¶ñ‡ßÅ‡¶¨ ‡¶≠‡¶æ‡¶≤‡ßã,5,0,2.8,2022-09-11 16:44:00,,,2.8
a594b6e4-86a8-4cda-9bf2-63abbdf90eac,Love Life,https://play-lh.googleusercontent.com/a-/ALV-UjUw0efX08lc7ukeIP_4GkIyYIpJNuHyHBfyNY1C_J4fXJCpKn__,Love it,5,0,2.8,2022-09-06 17:32:19,,,2.8
9755cd4d-db07-4dd4-92e9-90c03add7b0f,Ujjal Halder,https://play-lh.googleusercontent.com/a/ACg8ocJrhWUrY5IDg0BTePTsnZNe1adLBZO-mL89y2cLei_FbR1abQ=mo,Need to add credit card statement or. Atlesat last 10 transaction report. Slow apps!,3,4,,2022-08-26 09:40:09,,,
48084055-6ebc-4fd0-bf73-f5ae36ca45bd,Tasrif Mustafa,https://play-lh.googleusercontent.com/a-/ALV-UjVS3SiB880BN7y_pwBfRD-0qLI1OaZ73EDOuDudzFA4YJp7e6M,Very very bad apps,1,0,2.8,2022-08-19 17:27:50,,,2.8
ddfad210-10dc-4dde-b425-bf28ffb576d0,The Light Of Islam,https://play-lh.googleusercontent.com/a-/ALV-UjU5cF9rxiRYNUvH86Jk3Xj8i1Gmtus8LRR_JwcGgmgjqcX6DhPn,I Can't keeps Downlode Very Lwo Aps,5,0,,2022-08-16 12:00:13,,,
ce922183-5172-4d8e-b71e-c6bf0db6ab7c,Moinul Farid (Tito),https://play-lh.googleusercontent.com/a-/ALV-UjXekrDZsm3Vu0J__2NcChxIEjl3xqssEu9siFPrtoWAVJPY_Y5M,Very good.i like it.,5,1,2.7,2022-08-15 10:34:58,,,2.7
686cc2e7-cbad-4c27-957a-c715c9ba49b4,Phanindra Sarkar,https://play-lh.googleusercontent.com/a/ACg8ocL8AGHvHtZ808g6_JwXVSFqDSEG_okXcByJJFYXEPSNXH6-azs=mo,My account has been hacked,1,1,,2022-07-29 09:40:47,,,
5200e5c4-5e37-4e2b-88de-c0c120656a62,Ancient Business Center,https://play-lh.googleusercontent.com/a-/ALV-UjV7bOTbflaBcpYK_2mCwat9WQO5FnRaYBK8fBd0IkK7kwAKVnQ,Wonderful,5,0,2.6,2022-07-13 04:36:30,,,2.6
be77cdc1-1059-4bce-8c34-4db671c1f85a,Alamgir Miah,https://play-lh.googleusercontent.com/a-/ALV-UjXh1F7jN5MUCDjtgoL0RBJDk3MAbJa_IsX3u_Dci1erkvlX2ofjIg,Ok,5,0,2.7,2022-06-25 09:20:27,,,2.7
b3f98c33-30b3-413c-950a-2b4311f7b25f,Masud Rana,https://play-lh.googleusercontent.com/a-/ALV-UjUfx2PSfEOk9yU-LFHdefHKfLvjY-QiKap4aoX6-WPuHfKpkUBe,It‚Äôs a nice app,5,1,2.8,2022-06-23 08:25:26,,,2.8
f7250797-e98a-4aee-8844-39c76a3c4706,Raju Ahmed,https://play-lh.googleusercontent.com/a/ACg8ocKiP3PD-0rPUGveE0-qXgxv6Uhy1TsBWzkH2erqD5yla1b-bw=mo,Goop apps,5,0,2.7,2022-06-21 08:27:16,,,2.7
2813c102-5447-4f22-b824-70515b8da791,Nayeem Islam,https://play-lh.googleusercontent.com/a-/ALV-UjWiqkT495mqVjqao7kwGHDs8E_vyuG3WFcp8sDRCq07YeQwogew,Nagad transfer hoy na...üò¢üò¢üò•üò•,1,0,2.7,2022-06-18 18:07:26,,,2.7
78b1b6a8-c290-43d1-a925-05d0dc4bc75c,Rayhan Arafat,https://play-lh.googleusercontent.com/a-/ALV-UjVGC7M7N569lHBkzvWfaJ1xiK6h-OTBSfOqpOSIVnMVw3HHW7c,Low grade app,1,0,2.6,2022-06-05 09:28:33,,,2.6
215bc5e2-5174-4043-9f2c-e938d6b90d53,Md Abubakar,https://play-lh.googleusercontent.com/a-/ALV-UjV6PPTXxlBlovoxZ7FjWImC0296QRw1Zo24P5GyJw1WlwpHkQCD,Good,5,0,2.6,2022-05-23 18:19:05,,,2.6
3c593b12-0819-4e22-a963-60b64167eb7b,Arafath Munna,https://play-lh.googleusercontent.com/a-/ALV-UjUO_H4xF8gbR91bwuloOJ8wZWl43Qpy3jpblqNXesDLbfkSj8-4SQ,"Very low quality app. Takes a huge time to load, login. Looks like a app from ancient age.",1,9,2.6,2022-05-08 21:49:07,,,2.6
5fd7b7bf-a165-401d-85b3-74c515ea8223,Jibon Mahamud,https://play-lh.googleusercontent.com/a/ACg8ocKMkbnjNZr9JDoRo2lkaELGIoKCMR8O511rbIpmTRdC6V4MXg=mo,"please add more bill payment option such as Akash,Pallibiddut bill,west zone power distribution bill and also other bill payment option and also nagad add money option..",1,4,2.6,2022-04-11 12:50:30,,,2.6
7b1bb27c-17d0-48fe-82e9-7ab094ea0451,‡¶∞‡¶æ‡¶∏‡ßÇ‡¶≤ ‡¶™‡ßç‡¶∞‡ßá‡¶Æ‡¶ø‡¶ï,https://play-lh.googleusercontent.com/a-/ALV-UjX3uKSUMkblJnieIrkILLjgpMNBYTVY53YI0W8I_QBj7giLNdEr,Good,3,0,2.6,2022-03-26 03:31:24,,,2.6
c608be35-0e85-4e80-b23f-fcf92a99217c,Atikur Rahman,https://play-lh.googleusercontent.com/a-/ALV-UjW8tTuDn4-wi3L0NZVzgVQTvFtOSdjn7sCuaNfBaeoFzhK9l1OK,Nice,5,0,2.5,2022-03-14 16:07:32,,,2.5
2345fc78-70ca-4984-bca5-2466bdd32e68,Shamim Reza Khan,https://play-lh.googleusercontent.com/a-/ALV-UjUgFfwa5zSyQckaARbAQpnEvIihe3qgLBLaqHLH_2Mo9IAShh4HqA,Easy to use.,5,2,2.4,2022-02-12 10:24:05,,,2.4
072f594f-4c50-4f22-bc09-0e492ddb5a31,Mahadi Hassan,https://play-lh.googleusercontent.com/a-/ALV-UjU-TfdoZhUNEFt5a0hWchrP__U6i4B2g3K8VBNCqmvoOHOCzMI,Bad very bad,1,1,,2022-01-02 17:19:32,,,
fe1c43bf-3d04-4572-899e-e49e63289c6e,Alamin Hossain,https://play-lh.googleusercontent.com/a/ACg8ocJbSjEvNy3W7GRKCArqY_hqFRpH5Py2DNlIZP2yIiXoqPN0yQ=mo,"Bug problem, can't registration my credit card.",1,0,2.3,2021-12-08 17:10:25,,,2.3
5edaf42e-2473-47bb-a425-d0d175d6a74d,Jewel hossain,https://play-lh.googleusercontent.com/a-/ALV-UjWJRSMQcW2WgX9RVTu_mFIo8perFrYthypf-avhoUGyK8bdDsEN,bad experience,1,2,2.2,2021-11-24 13:56:07,,,2.2
ce92450d-322b-47e5-85f0-d128d2acd5f6,Limon ahmed,https://play-lh.googleusercontent.com/a-/ALV-UjUM0qdFjtZ2WutGvy3_INmGSlaOGia6K6-Lq-0Ir8XSmVH7ztvt,200 taka ses hoy gelo otp pailam na kono help pai na üò≠üò≠,1,0,,2021-11-07 08:41:07,,,
f9067439-91fa-423f-b987-79508341467c,Md. Mohiuddin Sarker,https://play-lh.googleusercontent.com/a-/ALV-UjUSFtGQYCjb0Q9vPypkJgqwj4iQ193p3hADCaEMMhV-T0ku-vt2,Good apps for us,4,2,2.2,2021-11-05 12:35:42,,,2.2
2b26cc43-36b6-4a8c-9548-585064fd47d4,Faruk Hossen,https://play-lh.googleusercontent.com/a/ACg8ocLoh34cIKUaQopL5MzMyl2i2WEhQvyvEij51B0YQKif075fE5w=mo,Latest i-Banking in Bangladesh.,5,0,2.2,2021-11-05 03:24:14,,,2.2
00fba7e7-db87-47c9-b0f5-43038be6693c,Jahir Uddin Babor,https://play-lh.googleusercontent.com/a-/ALV-UjWX0ozF_rUZ2fJuwQz0HzWdXC0_DE75e4dckrSLDzwyl6n9fwz0,Good,5,0,2.2,2021-11-04 09:30:15,,,2.2
e34288c5-90d4-41e5-84dd-de95e241be73,‡¶§‡ßå‡¶π‡¶ø‡¶¶ ‡¶Ü‡¶ï‡¶∞‡¶æ‡¶Æ,https://play-lh.googleusercontent.com/a-/ALV-UjXAOZRT2_KLcgAbC2QuTKWo3EHBKtbuuW3Bqf245_dbs6h_I9Hn,better,5,1,2.3,2021-11-03 11:01:27,,,2.3
43145309-4398-4190-9772-9451a21784aa,Akram Siraj,https://play-lh.googleusercontent.com/a/ACg8ocKOKlOb7N2uhzszgE4m4JW1x2Sf0dhDFDgQA3dfD04iR90wdIw=mo,"Its good to see log in opotion for credit card users. Still there is scope of improvement. Add option to see credit amount, reward points, month wise statment etc.",1,33,2.2,2021-10-29 12:06:32,,,2.2
3b70d191-8acb-4f57-9f91-5df228960b42,Md Arifuzzaman Shifat,https://play-lh.googleusercontent.com/a/ACg8ocLz0xYMMDKYq2bimMX7jAfGD-meY0fGdsL5zl0W4zeYIU_FaH8=mo,"I cannot login to Internet banking through apps. I don't know why. They are saying ""Meghna Bank id doesn't exist """,1,6,2.2,2021-10-28 13:48:54,,,2.2
dc25711f-28de-4acc-8c06-5ac292ad8537,Md. Amir Hossain,https://play-lh.googleusercontent.com/a-/ALV-UjX_h6-7d-BLdmSdOYNDXIH89Dis42tDlFPRbx0oybT2UUgeRcU,Required better Credit Card option,5,0,2.2,2021-10-26 16:19:52,,,2.2
221b3f0a-7c18-4a1a-a87c-88c4f50b179f,golap gopi,https://play-lh.googleusercontent.com/a/ACg8ocLifdxoBDCSf_LtO0FWII-YGjbOeWDZ_BLjo4AYeMuA-1ipLFU=mo,Nice,5,0,2.2,2021-10-16 07:36:50,,,2.2
905626a9-1533-4a59-8c25-003e059f1e30,Asik Zaman,https://play-lh.googleusercontent.com/a-/ALV-UjUFiUoVgO875gPAtm-YFOOJHSuDEx9u9dqpsb6k_3YvoSBgWdY,Good,4,2,,2021-10-06 14:03:02,,,
b3761bd5-8968-4936-9a29-9941b7c4898f,A S M SHAKIRUL Hoque,https://play-lh.googleusercontent.com/a-/ALV-UjUkL7wNAmqEKoSKDAYFP6THJwjgbtbLWYWIwW4HDTZZOjP0iOH8cg,I can't access to the new version of the apps... Don't understand where is the problem,1,2,2.2,2021-10-04 11:04:16,,,2.2
bad9cd2b-df63-4e17-9e49-0757fa4394a7,Md. Mozammal Hossain,https://play-lh.googleusercontent.com/a-/ALV-UjVq1ccgoytY2QBm-8MlNFcX3Vw7JKIjZYDqScJtQ0l_XwNTkSgLGA,Shelf registration na self registration hobe,5,0,2.1,2021-10-01 04:17:40,,,2.1
b9fa467e-40d9-4a2a-85bd-e18203fd8502,Rashedul Hasan,https://play-lh.googleusercontent.com/a-/ALV-UjUw-Kjc9gNdZsjtBiDzo_PkeHBugp7JuXC1FzVCzPKnrGCTO-MHIA,"New version is excellent for me specifically NPSB, RTGS, PIN reset and biometric enrollment.",5,2,2.1,2021-09-26 02:17:46,,,2.1
20a138aa-ba6b-47b2-9a5d-86855e3e6c82,Ahsan Habib,https://play-lh.googleusercontent.com/a-/ALV-UjW--nXxRlK8crmHrIPrZtyJZ_Ib0Ny6z15LQZMygSjeSvTseO9j,Can't send money to bKash/Nagad.,3,0,2.1,2021-09-23 07:47:41,,,2.1
0984e394-2e9d-485c-a303-7bf27174a801,Md. Budrul Hasan Bhuiyan,https://play-lh.googleusercontent.com/a-/ALV-UjWx01J_pCq8GRmls723oSRcoAWbqhFDoo0VeQ4MTYugy_6jaUY,New version has all the functionality that I wanted to have on Internet Banking. Thank you Meghna Bank.,5,7,2.1,2021-09-21 18:16:28,,,2.1
e4220681-79c9-4682-a2e9-7c23b08824cf,Md. Mahmudul Kabir,https://play-lh.googleusercontent.com/a-/ALV-UjWpCWpMgrgbW4VCZcI94FU6Z_iGHFfzO-2yDZwgsAEYZx9qGk5svA,Very Good app..... Satisfied with it.,5,2,2.0,2021-09-20 02:40:42,,,2.0
cfb1eac1-8809-449f-bb99-6a5bd499fee7,Sakib,https://play-lh.googleusercontent.com/a-/ALV-UjVvDSZU0r8yzfoCgigpgl0siNIreNnMulaGkGfC6stsYLVcLE2D,No option for credit card holders. Add this up quickly please. Edit- Great. Thanks for adding credit card.,4,14,2.0,2021-09-19 15:07:20,,,2.0
f7763058-54d0-48f7-b883-a7a4347d6f2e,es computer,https://play-lh.googleusercontent.com/a-/ALV-UjWiJFTgNwOxnJ0p9N7oPXsdJZqgttJPXvL3RXmYiwSmWhVjkPPq,Beautifum app,5,0,1.9,2021-08-30 18:18:37,,,1.9
9803098d-a804-479e-ba79-dc3c307663ce,md mosiur rahman,https://play-lh.googleusercontent.com/a-/ALV-UjWL1-F86C8-fV1wipJ8jsoi0PvfW7ms5EvD3Iw-iAoc-dqDJUcG,‡¶ó‡ßÅ‡¶°,5,1,,2021-08-18 16:38:22,,,
88d0337a-aedd-43f6-8df9-c7e1c5d2cd6a,Rakib Hossen,https://play-lh.googleusercontent.com/a-/ALV-UjUDsA6FHUqlv1DVEX47HfaxTWANl1uOCenUcFrdDPC5nWDlmyo,Good app on,5,2,1.9,2021-08-16 15:12:12,,,1.9
d9c8ff9f-5230-467d-a3a7-0f3c94a16bce,Bulbul Khan,https://play-lh.googleusercontent.com/a-/ALV-UjUzrBNvtARzv_jz-EFRhJvL3WEDL8qYma2Lnvkj3fQfrS0Hpd6q,Simply good enough. It will be helpful for meeting your expectations in everyday Banking. Strongly recommended.,5,2,1.9,2021-08-03 05:29:48,,,1.9
8fcafdc1-9e3a-4ecc-8b03-1e7ed4e94b02,Zubaer Rashid,https://play-lh.googleusercontent.com/a/ACg8ocLMfgbQVXarwBNeehyHIiZavNQZyDnOZ-gf1CZC5oNc29hEiBs=mo,I have a Credit Card but I can't register. It shows only for Debit Card. Is there any way out?,4,4,1.9,2021-07-28 10:30:22,,,1.9
f13a8926-16cf-42e8-887e-54dca95444a3,Mohidul Islam,https://play-lh.googleusercontent.com/a-/ALV-UjUQJWUurg8c8hBn5Gy_JWpXZ5e4lL0wmZIfctygAflaU8opXkjD,Useless for Credit Card users.,1,0,,2021-07-27 16:14:59,,,
6036e5e6-97db-4013-b89c-2ddffb57a5b4,Isteak Ahmed,https://play-lh.googleusercontent.com/a-/ALV-UjWLqWFpYskqvvIhJSl_nz346ALJgERLo98d67gmUefuDCy5GMg2,But too slow,3,0,1.9,2021-07-16 08:01:57,,,1.9
73383ca8-9f88-4876-9017-8b99959c386c,Rafiqul Islam,https://play-lh.googleusercontent.com/a-/ALV-UjVn3PtyofMMAn1GdmEgxC0cJHhX2yav5hYE-lrA2IVzic6N6le8,The best!,5,0,1.9,2021-07-09 04:50:47,,,1.9
d094a30f-31fe-448b-8f79-05e1f8a20433,S.M. HABIBULLAH HIMEL,https://play-lh.googleusercontent.com/a-/ALV-UjXWf_b0wXggSt2eHx0vdO0AMEUpESWALkKTproBQnb8QDB9jHYk,I don't have meghna bank account.How can i use this app for meghna bank credit card.,4,2,1.9,2021-06-30 04:17:11,,,1.9
3f59e792-992f-4bb1-a7a9-86459b81dc4f,HASSAN JEWEL,https://play-lh.googleusercontent.com/a-/ALV-UjUFeSaMPFRcf4fwFI3pYw9oQHe-_k_irQ8ZGOKmF2LmxsN6fyQoaw,nice,5,1,1.9,2021-06-11 18:32:59,,,1.9
318cd2ac-9730-4f97-85e2-d76d2fa94caa,Dr Mitra,https://play-lh.googleusercontent.com/a/ACg8ocK8tTSv-PCSq57H0d9csnQDUOaraNhlchWu11SYxkDIbF-WyA=mo,Add App registration feature with credit card only,3,0,,2021-05-06 06:08:56,,,
0e6822c6-622b-4775-8e63-0162b14783be,monirul islam,https://play-lh.googleusercontent.com/a-/ALV-UjV3SHGUjaJD6ZmhLYGAjNFSMtnDYL1DUxZVuNiMBW6kdMKwks2nWw,Helpful,5,0,1.9,2021-05-03 12:35:31,,,1.9
5f5fd725-1a1a-4069-a2d0-5774daa6a339,Monojit Barua,https://play-lh.googleusercontent.com/a-/ALV-UjU5ya2pOgIpRh-vxnyDToO7GCz8IpvxKPkoJVWAi8ZhRPnbycgU,Excellent cool app.,5,0,1.8,2021-04-03 17:01:54,,,1.8
24cf52bd-8b33-4781-8e70-112265c863d3,ABDULLAH HAWLADER,https://play-lh.googleusercontent.com/a-/ALV-UjVhFbOCXdv0cvc9YfPp_HXm2xbJiZ_uR-yMXoyhtx233v2J5Z4,Ok,5,2,,2021-03-24 08:44:36,,,
45eeff99-ccc2-4706-ac85-c7a670c37a6b,Abu Bakkar Siddique,https://play-lh.googleusercontent.com/a/ACg8ocLP93-zqvi_6c4VDeRBs8cI0ZeO_lgSF-s6oJ4bQBX-Qff3jg=mo,Love it,5,1,,2021-01-25 21:06:09,,,
96a4c099-a10e-49f8-b51f-ea3aa3450f08,SMALL CREATIONSSS,https://play-lh.googleusercontent.com/a-/ALV-UjVUVEhKpA2A6SDQl33CY51Mm2MBhRmjoaHjnnTVLr_SZk5DyGI,Joint account do not work in this appüò°üò°üò°üò°üò°üò°üò°,1,1,,2021-01-20 15:37:43,,,
3d8d25ac-5da2-419d-bb95-c5d50da3b0f1,Khokon Alam,https://play-lh.googleusercontent.com/a-/ALV-UjXsCvKwDGtDcBmUqztKoJOTzhGJ7k1uIRWnt--mT2Gz_V4UySYFrA,‡¶¶‡¶æ‡¶∞‡ßÅ‡¶£ ‡¶è‡ßç‡¶Ø‡¶æ‡¶™‡¶∏‡•§ ‡¶ñ‡ßÅ‡¶¨ ‡¶∏‡¶π‡¶ú‡ßá‡¶á ‡¶è‡ßç‡¶Ø‡¶æ‡¶ï‡¶æ‡¶â‡¶®‡ßç‡¶ü ‡¶Æ‡ßá‡¶á‡¶®‡¶ü‡ßá‡¶á‡¶® ‡¶ï‡¶∞‡¶æ ‡¶Ø‡¶æ‡ßü‡•§,5,0,1.6,2020-12-27 13:44:51,,,1.6
d4cdce29-4951-4cd1-a45f-53ab0319ec77,DR ASAD,https://play-lh.googleusercontent.com/a-/ALV-UjUyCljhsJiQ6SJtcbjz9VREM_DUWYHFTXe1RrEITYaHhH03-T9B,thanks for best banking system.,5,0,1.5,2020-11-15 18:45:29,,,1.5
8dc86bc5-84e2-4bde-82ba-c3c157913fb5,Palash Kumar Dey,https://play-lh.googleusercontent.com/a/ACg8ocKE94b-Jc5n6WgwehzdKq2w1-Ll0vYw3No-T9xu3Kfkl-mJKQhf=mo,Excellent,5,0,1.5,2020-09-22 02:23:40,,,1.5
fa91174a-c97e-4eae-a105-b9e1756e68dc,ehsanul azad,https://play-lh.googleusercontent.com/a/ACg8ocKd5glk-EXzKRc4EPJLxzCzhNchzD4bS79tjNU0FtzQ6T-WSA=mo,very nice app,4,0,,2020-09-15 13:56:56,,,
6b68280c-32f7-4570-96a5-c079d042b813,Know Thy Self,https://play-lh.googleusercontent.com/a-/ALV-UjUZqeugs8U_CfEj6LTCGiVoZb0ydRpvdShXn5YQrnoWElGjvJ4,Good,5,2,1.4,2020-08-18 12:06:39,,,1.4
d7c35ee3-0d47-4bd1-b2fb-291e139da5c1,Monirul Islam,https://play-lh.googleusercontent.com/a/ACg8ocIkDFIFwZZIDjZYKJULB-JaQ8UGI4GqTvYNvLMuGVA2x3a5SA=mo,Good.experiance......,5,3,,2020-07-27 05:49:24,,,
4cb0d3ca-b23d-4f88-8e1d-2ce742691b62,Syed Al Mamun,https://play-lh.googleusercontent.com/a-/ALV-UjVzkzwRGhbYYLneRuBvC3q5wtmlNXSfPKfjLjbxeNJjV-MAWN0j,"User friendly, Smart & Faster",5,1,1.4,2020-07-19 06:30:56,,,1.4
966c1282-c60a-4f6f-8f54-ce40f26b2439,Partho Protim Dey,https://play-lh.googleusercontent.com/a-/ALV-UjXov6TOeWj2AsZOr2G7m388sRnES0vC255ul-mhbr6QiTOyzJg,‡¶Ü‡¶Æ‡¶æ‡¶∞ ‡¶ú‡ßÄ‡¶¨‡¶®‡ßá ‡¶è ‡¶∞‡¶ï‡¶Æ ‡¶∏‡ßÅ‡¶®‡ßç‡¶¶‡¶∞ ‡¶∏‡¶ø‡¶∏‡ßç‡¶ü‡ßá‡¶Æ ‡¶ï‡ßã‡¶® ‡¶¨‡ßç‡¶Ø‡¶æ‡¶Ç‡¶ï‡ßá ‡¶è‡¶∞ ‡¶Ü‡¶ó‡ßá ‡¶¶‡ßá‡¶ñ‡¶ø ‡¶®‡¶ø‡•§ ‡¶∏‡¶¨ ‡¶Æ‡¶ø‡¶≤‡¶ø‡ßü‡ßá ‡¶Ö‡¶∏‡¶æ‡¶ß‡¶æ‡¶∞‡¶®‡•§,5,1,1.4,2020-07-10 13:17:44,,,1.4
be4d8549-89a9-47a0-8a67-bd451a1c4a61,Bishwajit Halder,https://play-lh.googleusercontent.com/a-/ALV-UjUsaCxHC9-EFoSbeXwaFcWuSiE0jDritujc8s2cvuzFiPXSs33N,Its awesome,5,1,1.4,2020-06-27 11:00:10,,,1.4
0c6279fb-7fae-44f1-b698-f38860947628,Mizanur Rahman Mondol,https://play-lh.googleusercontent.com/a-/ALV-UjWwlm8PNrHrDEW6sxVJdvokQlPHhB5E86Fes1s0cWvDq4H5NBDo,"A very beautiful digital banking app. Transfer money to other banks, especially A very beautiful digital banking app. Transfer money to other banks, pay special A very beautiful digital banking app. Transferring money to other banks, especially credit card bills of any bank, credit card bills credit card bills A very beautiful digital banking app. Transferring money to other banks, especially any bank credit card bill instantly, has fascinated me.Thanks to everyone in the Meghna Bank family.",5,12,1.3,2020-06-15 08:02:52,,,1.3
2e6de2b3-2bb7-4a02-934c-5ffbd65dc4df,kaium Hossain,https://play-lh.googleusercontent.com/a-/ALV-UjXxx9gj0TNqNQL8DtHod54MQR5IXtiFdnl-JFDxfhNpeuh3L52b,Best initiative Meghna Bank. So smart app for onboarding without visiting meghna bank branch and credit card to account fund transfer... this 2 functionalities is different from others bank app. Wish for best for more inovatve services...,5,10,1.3,2020-05-29 07:02:35,,,1.3
db2496c6-3b36-41ad-af08-66763938e28b,Md. Rafiqul Islam,https://play-lh.googleusercontent.com/a/ACg8ocJvv8RhTdoE5aUGkbAA4GboBjvtlfqmt6GyIAnZXsYO0mW87g=mo,Best apps performance I ever used. Thanks a lot.,5,2,1.3,2020-05-14 09:04:08,,,1.3
509013f3-9c66-4822-8d37-4179be271eb2,Moinul Hossain Mazumder,https://play-lh.googleusercontent.com/a-/ALV-UjXmZTzLBHeY1Ko6IS2d9D5C5NAWI7l-U_OCWZy6iSfF7ahlnqS-tQ,Loving this app.. Very useful for this new generation banking..,5,3,1.3,2020-05-11 13:15:25,,,1.3
16bf4e8a-04ce-42ce-9e0c-bfbbf124b433,Md. Hasanur Rahman,https://play-lh.googleusercontent.com/a-/ALV-UjXmK15u0xxaxDlT79JagdLLljtsRgwTuiH1uYgg3J4Oyjq1msDM,"I have done my Digital Registration in 2 mint, very exciting! Fund/ Balance Transfer from my Credit Card to Account is very convenient. Instant Deposit Account/ DPS/FD opening in 1 mint is surprising feature too. However, more bill payment and direct Merchant payment features are required, it is not available.",5,38,1.3,2020-05-11 10:01:33,,,1.3
7a3b4f27-c3ee-4afb-acee-f11c03f10da8,Md. Jahirul Islam,https://play-lh.googleusercontent.com/a-/ALV-UjU0G3WE7Olu1BvSR2IoVcgfw4p6KUL3uA7RQqEgqAj2UyspshU,Beautiful design and very usefull app in this lockdown. Thank you Meghna Bank.,5,6,1.3,2020-05-11 08:37:14,,,1.3
16b11ee7-fc5d-46d1-95d5-101bd7d30856,Md. Sarowar Hossen,https://play-lh.googleusercontent.com/a-/ALV-UjUpe-UVKyp88ccMtc_aW8ZsKM4tPuBYGbKM1kXd-Li0k1UE0VBX8w,woow! Smooth and faster apps,5,3,1.3,2020-05-11 08:26:55,,,1.3
4cfb1fb4-bd38-4ec7-aa56-257b556fe66f,akm arifuzzaman,https://play-lh.googleusercontent.com/a-/ALV-UjU18DXUaAW2hM39aw8FW2XtXNksIpqkOagiya-5eqNi0n9ZDAYX,Impressed by the apps performance. This is so good. Thanks meghna bank Ltd.,5,2,1.3,2020-05-11 08:18:53,,,1.3
725f6121-0c9c-4edf-bd3a-a51e669ebaa3,Rokibul Islam,https://play-lh.googleusercontent.com/a-/ALV-UjX2cQxxRXbLKly5S39YsZwktN6aqxrPypF6SkyM_ucDmMrI4wLC,Best financial app I ever used,5,2,,2020-05-10 18:11:25,,,
